DROP SCHEMA BANK;
CREATE SCHEMA IF NOT EXISTS BANK;
USE BANK;

CREATE TABLE IF NOT EXISTS BANCO (
CODIGO TINYINT NOT NULL UNIQUE,
NOME VARCHAR(50) NOT NULL UNIQUE,
PRIMARY KEY (CODIGO)
);

CREATE TABLE IF NOT EXISTS AGENCIA (
NUMERO_AGENCIA INT NOT NULL UNIQUE,
ENDERECO VARCHAR(50) NOT NULL,
COD_BANCO TINYINT NOT NULL,
PRIMARY KEY (NUMERO_AGENCIA),
FOREIGN KEY (COD_BANCO) REFERENCES BANCO(CODIGO)
);

CREATE TABLE IF NOT EXISTS CLIENTE (
CPF VARCHAR(14) NOT NULL UNIQUE,
NOME VARCHAR(50) NOT NULL,
SEXO CHAR,
ENDERECO VARCHAR(50),
PRIMARY KEY (CPF)
);

CREATE TABLE IF NOT EXISTS CONTA (
NUMERO_CONTA VARCHAR(7) NOT NULL UNIQUE,
SALDO FLOAT NOT NULL,
TIPO_CONTA TINYINT NOT NULL,
NUMERO_AGENCIA INT NOT NULL,
PRIMARY KEY (NUMERO_CONTA)
);

CREATE TABLE IF NOT EXISTS HISTORICO (
CPF VARCHAR(14) NOT NULL,
NUM_CONTA VARCHAR(7) NOT NULL,
DATA_INICIO DATE NOT NULL,
PRIMARY KEY (CPF),
FOREIGN KEY (NUM_CONTA)
REFERENCES CONTA(NUMERO_CONTA)
);

CREATE TABLE IF NOT EXISTS TELEFONE_CLIENTE (
CPF_CLI VARCHAR(14) NOT NULL,
TELEFONE_CLI VARCHAR(14),
FOREIGN KEY (CPF_CLI) REFERENCES CLIENTE(CPF)
);

INSERT INTO  BANCO VALUES 
(1,'Banco do Brasil'),
(4,'CEF');

INSERT INTO  AGENCIA VALUES 
(0562,'Rua Joaquim Teixeira Alves, 1555', 4), 
(3153, 'Av. Marcelino Pires, 1960', 1 );

INSERT INTO CLIENTE VALUES
('111.222.333-44', 'Jennifer B Souza', 'F', 'Rua Cuiabá, 1050'), 
('666.777.888-99', 'Caetano K Lima', 'M', 'Rua Ivinhema, 879'), 
('555.444.777-33', 'Silvia Macedo', 'F', 'Rua Estados Unidos, 735');

INSERT INTO CONTA VALUES 
('86340-3', 763.05, 2, 3153), 
('86340-2', 763.05, 2, 3153), 
('23584-7', 3879.12, 1, 0562);

INSERT INTO HISTORICO VALUES 
('111.222.333-44', '23584-7', '1997-12-17'), 
('666.777.888-99', '23584-7', '1997-12-17'),
('555.444.777-33', '86340-2', '2010-11-29');

INSERT INTO TELEFONE_CLIENTE VALUES 
('111.222.333-44', '(67)3422-7788'),
('666.777.888-99', '(67)3423-9900'), 
('666.777.888-99','(67)8121-8833');

/*1.	Escreva uma visão chamada vDADOS_BANCARIOS que relacione o nome do cliente, o número da conta e o saldo em conta.*/
DROP VIEW vDADOS_BANCARIOS;
CREATE VIEW vDADOS_BANCARIOS AS SELECT CL.NOME, H.NUM_CONTA, C.SALDO FROM CLIENTE CL INNER JOIN HISTORICO H
ON CL.CPF = H.CPF INNER JOIN CONTA C ON C.NUMERO_CONTA = H.NUM_CONTA;

DROP VIEW v2DADOS_BANCARIOS;
CREATE VIEW v2DADOS_BANCARIOS AS SELECT CL.NOME, H.NUM_CONTA, C.SALDO FROM CLIENTE CL,HISTORICO H,CONTA C
WHERE CL.CPF = H.CPF AND C.NUMERO_CONTA = H.NUM_CONTA;

/*2.	Recupere todas as informações da visão vDADOS_BANCARIOS. */
SELECT * FROM v2DADOS_BANCARIOS;
SELECT * FROM vDADOS_BANCARIOS;

/*3.	Escreva uma visão chamada vAGENCIA_INFO que relacione o nome do banco, o número da agência, 
a quantidade de contas e o saldo total de cada agência.*/
DROP VIEW vAGENCIA_INFO;
CREATE VIEW vAGENCIA_INFO AS SELECT B.NOME, A.NUMERO_AGENCIA, COUNT(C.NUMERO_CONTA) AS QTD_CONTAS, ROUND(SUM(C.SALDO),2) AS SALDO_TOTAL 
FROM BANCO B INNER JOIN AGENCIA A ON B.CODIGO = A.COD_BANCO INNER JOIN CONTA C ON C.NUMERO_AGENCIA = A.NUMERO_AGENCIA 
GROUP BY B.NOME;

DROP VIEW v2AGENCIA_INFO;
CREATE VIEW v2AGENCIA_INFO AS SELECT B.NOME, A.NUMERO_AGENCIA, COUNT(C.NUMERO_CONTA) AS QTD_CONTAS, ROUND(SUM(C.SALDO),2) AS SALDO_TOTAL 
FROM BANCO B,AGENCIA A,CONTA C  WHERE B.CODIGO = A.COD_BANCO AND C.NUMERO_AGENCIA = A.NUMERO_AGENCIA GROUP BY B.NOME;

/*4.	Recupere todas as informações da visão vAGENCIA_INFO.*/
SELECT * FROM vAGENCIA_INFO ;
SELECT * FROM v2AGENCIA_INFO ;

/*5.	Exclua a visão vDADOS_BANCARIOS. */
DROP VIEW vDADOS_BANCARIOS;


/*6.	Para cada agência, recupere o seu número, o maior saldo, 
o menor saldo, o saldo médio e o saldo total das agências que possuem pelo menos três contas. */
SELECT  A.NUMERO_AGENCIA, ROUND(MIN(C.SALDO),2) AS MENOR, ROUND(AVG(C.SALDO),2) AS MEDIO,  ROUND(MAX(C.SALDO),2) MAIOR, ROUND(SUM(C.SALDO),2) AS TOTAL FROM AGENCIA A
INNER JOIN CONTA C ON A.NUMERO_AGENCIA = C.NUMERO_AGENCIA GROUP BY A.NUMERO_AGENCIA;


/*7.	 Liste o nome dos clientes que possuem conta no Banco do Brasil. */
SELECT CL.NOME FROM AGENCIA A INNER JOIN BANCO B ON B.CODIGO = A.COD_BANCO INNER JOIN CONTA C 
ON C.NUMERO_AGENCIA = A.NUMERO_AGENCIA INNER JOIN HISTORICO H ON C.NUMERO_CONTA = H.NUM_CONTA
INNER JOIN CLIENTE CL ON CL.CPF = H.CPF WHERE B.NOME = 'Banco do Brasil';

/*8.	Inclua o um novo atributo na tabela agência chamado qtde_contas. 
Crie um trigger chamado tQTDE_CONTAS para atualizar a quantidade de contas da agência depois que uma nova conta é cadastrada.*/
ALTER TABLE AGENCIA ADD COLUMN QTD_CONTAS INT DEFAULT 0;


CREATE TRIGGER TQTD_CONTAS AFTER INSERT ON CONTA 
FOR EACH ROW UPDATE AGENCIA A SET A.QTD_CONTAS = A.QTD_CONTAS + 1;


/*9.	Exclua o trigger tQTDE_CONTAS.*/
DROP TRIGGER TQTD_CONTAS;


/*CREATE TRIGGER TQTD_CONTAS AFTER DELETE ON CONTA 
FOR EACH ROW UPDATE AGENCIA A SET A.QTD_CONTAS = A.QTD_CONTAS - 1;
*/

/* WHERE REFERENCIA = OLD.PRODUTO;
SET SQL_SAFE_UPDATES = 0;
SELECT * FROM AGENCIA;
SELECT * FROM CONTA;
INSERT INTO CONTA VALUES
('99340-3', 999.99, 1, 0562);
*/

