DROP SCHEMA REVI;
CREATE SCHEMA IF NOT EXISTS REVI DEFAULT CHARACTER SET UTF8 ;
USE REVI;

CREATE TABLE IF NOT EXISTS ALUNO (
NUMERO_ALUNO INT UNSIGNED NOT NULL UNIQUE,
NOME VARCHAR(40) NOT NULL,
TIPO_ALUNO SMALLINT UNSIGNED NOT NULL,
CURSO VARCHAR(30) NOT NULL,
PRIMARY KEY (NUMERO_ALUNO)
);

CREATE TABLE IF NOT EXISTS DISCIPLINA (
NUMERO_DISCIPLINA VARCHAR(10) NOT NULL UNIQUE,
NOME_DISCIPLINA VARCHAR(40) NOT NULL,
CREDITOS SMALLINT UNSIGNED  NOT NULL,
DEPARTAMENTO VARCHAR(3) NOT NULL,
PRIMARY KEY (NUMERO_DISCIPLINA)
);

CREATE TABLE IF NOT EXISTS TURMA (
IDTURMA INT UNSIGNED NOT NULL UNIQUE,
NUMERO_DISCIPLINA VARCHAR(10) NOT NULL,
SEMESTRE VARCHAR(10) NOT NULL,
ANO INT NOT NULL,
PROFESSOR VARCHAR(20) NOT NULL,
PRIMARY KEY (IDTURMA),
CONSTRAINT FK_TURMA_DISCIPLINA 
	FOREIGN KEY (NUMERO_DISCIPLINA) 
	REFERENCES DISCIPLINA (NUMERO_DISCIPLINA)
);

CREATE TABLE IF NOT EXISTS HISTORICO_ESCOLAR (
NUMERO_ALUNO INT UNSIGNED  NOT NULL ,
IDTURMA INT UNSIGNED NOT NULL ,
NOTA CHAR NOT NULL,
PRIMARY KEY (NUMERO_ALUNO,IDTURMA),
	FOREIGN KEY (NUMERO_ALUNO) REFERENCES ALUNO (NUMERO_ALUNO),
    FOREIGN KEY (IDTURMA) REFERENCES TURMA (IDTURMA)
);

INSERT INTO ALUNO VALUES
(17,'Silva',1,'Ciência da Computação'),
(8,'Braga',2,'Ciência da Computação');

INSERT INTO DISCIPLINA VALUES
('CC1310','Introdução a Ciência da Computação',4,'CC'),
('CC3320','Estrutura de Dados',4,'CC'),
('MAT2410','Matemática Discreta',3,'MAT'),
('CC3380','Banco de Dados',3,'CC');

INSERT INTO TURMA VALUES
(85,'MAT2410','Segundo',2015,'Kleber'),
(92,'CC1310','Segundo',2015,'Anderson'),
(102,'CC3320','Primeiro',2016,'Carlos'),
(112,'MAT2410','Segundo',2016,'Chang'),
(119,'CC1310','Segundo',2016,'Anderson'),
(135,'CC3380','Segundo',2016,'Santos');


INSERT INTO HISTORICO_ESCOLAR VALUES
(17,112,'B'),
(17,119,'C'),
(8,85,'A'),
(8,92,'A'),
(8,102,'B'),
(8,135,'A');


/*SET SQL_SAFE_UPDATES = 1;*/

/*1.	Alterar o tipo do aluno de ‘Silva’ para segundo ano.*/
UPDATE ALUNO SET TIPO_ALUNO = 2 WHERE NOME = 'Silva' LIMIT 1;

/*2.	Criar outra turma para a disciplina Banco de dados para este semestre.*/
INSERT INTO TURMA VALUE
(123,'CC3380','Primeiro',2017,'Cristiane');

/*3.	Inserir uma nota ‘A’ para ‘Silva’ na turma ‘Banco de dados’ do último semestre.*/
INSERT INTO HISTORICO_ESCOLAR VALUE 
(17,123,'A');

/*4.	Recuperar uma lista de todas as disciplinas e notas de ‘Silva’.*/
SELECT  A.NOME, D.NOME_DISCIPLINA, HE.NOTA FROM 
ALUNO A INNER JOIN HISTORICO_ESCOLAR HE ON A.NUMERO_ALUNO = HE.NUMERO_ALUNO
INNER JOIN DISCIPLINA D INNER JOIN TURMA T ON T.IDTURMA = HE.IDTURMA AND D.NUMERO_DISCIPLINA = T.NUMERO_DISCIPLINA  WHERE A.NOME = 'Silva';

/*5.	Listar os nomes dos alunos que realizaram a disciplina ‘Estrutura de dados’ oferecida no segundo semestre de 2016.*/
SELECT  A.NOME FROM 
ALUNO A INNER JOIN HISTORICO_ESCOLAR HE ON A.NUMERO_ALUNO = HE.NUMERO_ALUNO 
INNER JOIN DISCIPLINA D INNER JOIN TURMA T ON T.IDTURMA = HE.IDTURMA AND D.NUMERO_DISCIPLINA = T.NUMERO_DISCIPLINA 
WHERE T.SEMESTRE = 'Segundo' AND T.ANO = 2016 AND D.NOME_DISCIPLINA = 'Banco de dados';

/*6.	Recupere os nomes de todos os alunos que estão formando em Introdução a Ciência da Computação.*/
SELECT  A.NOME FROM 
ALUNO A INNER JOIN HISTORICO_ESCOLAR HE ON A.NUMERO_ALUNO = HE.NUMERO_ALUNO 
INNER JOIN DISCIPLINA D INNER JOIN TURMA T ON T.IDTURMA = HE.IDTURMA AND D.NUMERO_DISCIPLINA = T.NUMERO_DISCIPLINA 
WHERE T.SEMESTRE = 'Segundo'  AND D.NOME_DISCIPLINA = 'Introdução a Ciência da Computação';

/*7.	Recupere os nomes de todas as disciplinas lecionadas pelo professor Kleber em 2015 e 2016.*/
SELECT D.NOME_DISCIPLINA FROM DISCIPLINA D INNER JOIN TURMA T ON T.NUMERO_DISCIPLINA = D.NUMERO_DISCIPLINA WHERE T.ANO = 2015 AND 2016 AND T.PROFESSOR = 'Kleber';

/*8.	Para cada matéria lecionada pelo professor Kleber, recupere o número da disciplina, semestre, ano e número de alunos que realizaram a matéria.*/
SELECT  D.NUMERO_DISCIPLINA, T.SEMESTRE, T.ANO , COUNT((HE.NUMERO_ALUNO)) FROM DISCIPLINA D INNER JOIN TURMA T ON T.NUMERO_DISCIPLINA = D.NUMERO_DISCIPLINA
INNER JOIN HISTORICO_ESCOLAR HE ON HE.IDTURMA = T.IDTURMA WHERE T.PROFESSOR = 'Kleber';

/*9.	Recupere o nome e o histórico de cada aluno. O Histórico inclui nome da disciplina, 
número da disciplina, crédito, semestre, ano e nota para cada disciplina feita pelo aluno.*/
SELECT  A.NOME, D.NOME_DISCIPLINA, D.NUMERO_DISCIPLINA, D.CREDITOS, T.SEMESTRE,  T.ANO, HE.NOTA
FROM ALUNO A INNER JOIN  HISTORICO_ESCOLAR HE ON A.NUMERO_ALUNO = HE.NUMERO_ALUNO INNER JOIN TURMA T ON T.IDTURMA = HE.IDTURMA
INNER JOIN DISCIPLINA D ON D.NUMERO_DISCIPLINA = T.NUMERO_DISCIPLINA;

/*SELECTS*/
SELECT * FROM ALUNO;
SELECT * FROM DISCIPLINA;
SELECT * FROM TURMA;
SELECT * FROM HISTORICO_ESCOLAR WHERE NUMERO_ALUNO = 17;


